<?xml version="1.0" encoding="UTF-8"?>
<beans:beans xmlns="http://www.springframework.org/schema/mvc"
	xmlns:xsi="http://www.w3.org/2001/XMLSchema-instance" xmlns:beans="http://www.springframework.org/schema/beans"
	xmlns:context="http://www.springframework.org/schema/context"  xmlns:mvc="http://www.springframework.org/schema/mvc"
	xsi:schemaLocation="http://www.springframework.org/schema/mvc http://www.springframework.org/schema/mvc/spring-mvc.xsd
		http://www.springframework.org/schema/beans http://www.springframework.org/schema/beans/spring-beans.xsd
		http://www.springframework.org/schema/context http://www.springframework.org/schema/context/spring-context.xsd">

	<!-- DispatcherServlet Context: defines this servlet's request-processing 
		infrastructure -->
	
	<!-- Enables the Spring MVC @Controller programming model 
	<annotation-driven /> -->
	<mvc:annotation-driven />
	
	<!-- Handles HTTP GET requests for /resources/** by efficiently serving 
		up static resources in the ${webappRoot}/resources directory -->
	 <resources mapping="/resources/**" location="/resources/" />
	 <mvc:resources mapping="/resources/css/**" location="/resources/css/"/>
	
	<!-- Resolves views selected for rendering by @Controllers to .jsp resources 
		in the /WEB-INF/views directory -->
	<beans:bean id="resourceViewResolver"
		class="org.springframework.web.servlet.view.InternalResourceViewResolver">
		<beans:property name="prefix" value="/WEB-INF/views/" />
		<beans:property name="suffix" value=".jsp" />
	</beans:bean>

	<!-- Datasource y conexión con BD -->
	<beans:bean id="dataSource"
		class="org.springframework.jdbc.datasource.DriverManagerDataSource">
		<beans:property name="driverClassName" value="com.mysql.jdbc.Driver" />
		<beans:property name="url"
			value="jdbc:mysql://localhost:3306/library?useSSL=false" />
		<beans:property name="username" value="root" />
		<beans:property name="password" value="root" />
	</beans:bean>

	<beans:bean id="sessionFactory"
		class="org.springframework.orm.hibernate3.annotation.AnnotationSessionFactoryBean">
		<beans:property name="dataSource" ref="dataSource" />
		<beans:property name="annotatedClasses">
			<beans:list>
				<beans:value>mx.ipn.cic.model.Rol</beans:value>
				<beans:value>mx.ipn.cic.model.User</beans:value>
				<beans:value>mx.ipn.cic.model.Book</beans:value>
				<beans:value>mx.ipn.cic.model.Loan</beans:value>
			</beans:list>
		</beans:property>
		<beans:property name="hibernateProperties">
			<beans:props>
				<beans:prop key="hibernate.dialect">org.hibernate.dialect.MySQLDialect</beans:prop>
				<beans:prop key="hibernate.show_sql">true</beans:prop>
				<beans:prop key="hibernate.hbm2ddl.auto">validate</beans:prop>
				<beans:prop key="hibernate.format_sql">true</beans:prop>
			</beans:props>
		</beans:property>
	</beans:bean>

	<context:component-scan base-package="mx.ipn.cic" />

</beans:beans>
